Country,IndR_nc,Flag,Sawn_nc,Flag,FuelW,Flag,IndR_c,Flag,Sawn_c,Flag,Ply_Ven,Flag,PartB,Flag,FibreB,Flag,MechP,Flag,ChemP,Flag,OthP,Flag,WasteP,Flag,NewsP,Flag,PWP,Flag,OthP,Flag
Algeria,0.05,U,0.15,U,0.15,U,0.05,U,0.15,U,0.15,U,0.15,U,0.15,U,0.05,U,0.05,U,0.05,U,0.05,U,0.14,U,0.18,U,0.19,U
Angola,0.05,U,0.3,U,0.2,C,0.05,U,0.3,U,0.13,U,0.1,U,0.2,C,0,U,0,U,0,U,0.3,U,0,U,0,U,0.19,U
Benin,0.05,C,0.1,C,0.05,C,0.05,C,0.1,C,0.2,C,0.1,C,0.1,C,0.05,C,0.05,C,0.05,C,0.05,C,0,C,0.07,C,0.11,U
Botswana,0,C,0,C,0,C,0,C,0,C,0.1,C,0.15,C,0.1,C,0,C,0,C,0,C,0,C,0,C,0.05,U,0.04,U
Burkina Faso,0.05,C,0.1,C,0.05,C,0.05,C,0.1,C,0.2,C,0.1,C,0.1,C,0.05,C,0.05,C,0.05,C,0.05,C,0,C,0.07,C,0.11,U
Burundi,0,C,0.1,C,0,C,0,C,0.1,C,0.25,C,0.25,C,0.25,C,0,C,0,C,0,C,0,C,0.1,C,0.11,U,0.16,U
Cameroon,0.3,C,0.3,C,0.3,C,0.3,C,0.3,C,0.3,C,0.3,C,0.3,C,0.1,C,0.1,C,0.1,C,0.1,C,0.07,U,0.09,U,0.12,U
Cape Verde,0.05,C,0.05,C,0.14,U,0.05,C,0.05,C,0.16,U,0.1,C,0.1,C,0,C,0,C,0,C,0,C,0,C,0,C,0.05,U
Central African Republic,0.3,C,0.3,C,0.3,C,0.3,C,0.3,C,0.3,C,0.3,C,0.3,C,0.1,C,0.1,C,0.1,C,0.1,C,0,C,0.09,U,0.12,U
Chad,0.3,C,0.3,C,0.3,C,0.3,C,0.3,C,0.3,C,0.3,C,0.3,C,0.1,C,0.1,C,0.1,C,0.1,C,0,C,0.09,U,0.12,U
"Congo, Republic of",0.3,C,0.3,C,0.3,C,0.3,C,0.3,C,0.3,C,0.3,C,0.3,C,0.1,C,0.1,C,0.1,C,0.1,C,0,C,0.09,U,0.12,U
Côte d'Ivoire,0.05,C,0.1,C,0.05,C,0.05,C,0.1,C,0.2,U,0.1,C,0.1,C,0.05,C,0.05,C,0.05,C,0.05,C,0,C,0.07,C,0.11,U
Djibouti,0.26,C,0.13,U,0.01,C,0.26,C,0.13,U,0.13,U,0.26,C,0.2,C,0.26,C,0.26,C,0.26,C,0.2,C,0.26,C,0.25,U,0.26,C
Egypt,0.18,U,0,C,0.03,U,0.18,U,0,C,0.1,C,0.1,C,0.1,C,0.02,C,0.02,C,0.02,C,0.02,C,0.02,C,0.1,C,0.1,U
Equatorial Guinea,0,X,0,X,0,X,0,X,0,X,0,X,0,X,0,X,0,X,0,X,0,X,0,X,0,X,0,X,0,X
Ethiopia,0,X,0,X,0,X,0,X,0,X,0,X,0,X,0,X,0,X,0,X,0,X,0,X,0,X,0,X,0,X
Gabon,0.3,C,0.3,C,0.3,C,0.3,C,0.3,C,0.3,C,0.3,C,0.3,C,0.1,C,0.1,C,0.1,C,0.1,C,0,C,0.09,U,0.11,U
Gambia,0.05,U,0.1,U,0.05,U,0.05,U,0.1,U,0.2,U,0.1,C,0.1,C,0.05,U,0.05,U,0.05,U,0.05,U,0,C,0.07,U,0.11,U
Ghana,0.05,U,0.1,U,0.05,U,0.05,U,0.1,U,0.2,C,0.1,U,0.1,U,0.05,U,0.05,U,0.05,U,0.05,U,0,C,0.07,U,0.11,U
Guinea,0.05,C,0.1,C,0.05,C,0.05,C,0.1,C,0.2,C,0.1,C,0.1,C,0.05,C,0.05,C,0.05,C,0.05,C,0,C,0.07,U,0.11,U
Guinea-Bissau,0.05,C,0.1,C,0.05,C,0.05,C,0.1,C,0.2,U,0.1,C,0.1,C,0.05,C,0.05,C,0.05,C,0.05,C,0,C,0.07,C,0.11,U
Kenya,0,C,0.1,C,0,C,0,C,0.1,C,0,X,0,X,0,X,0,C,0,C,0,C,0,C,0.1,C,0.11,U,0.15,U
Lesotho,0,C,0,C,0,C,0,C,0,C,0.1,C,0.15,C,0.1,C,0,C,0,C,0,C,0,C,0,C,0.05,U,0.04,U
Liberia,0.05,C,0.1,C,0.05,C,0.05,C,0.1,C,0.2,C,0.1,U,0.1,U,0.05,C,0.05,C,0.05,C,0.05,C,0,U,0.07,U,0.11,U
Libyan Arab Jamahiriya,0,X,0,X,0,X,0,X,0,X,0,X,0,X,0,X,0,X,0,X,0,X,0,X,0,X,0,X,0,X
Madagascar,0.05,C,0.1,C,0.18,U,0.05,C,0.08,U,0.11,U,0.1,U,0.1,U,0.08,U,0.1,U,0.1,U,0.09,U,0.05,C,0.07,U,0.12,U
Malawi,0.1,C,0.1,C,0.1,C,0.1,C,0.1,C,0.25,C,0.25,C,0.25,C,0.1,C,0.1,C,0.1,C,0,C,0.1,C,0.11,C,0.14,U
Mali,0.05,C,0.1,C,0.05,C,0.05,C,0.1,C,0.2,U,0.1,C,0.1,C,0.05,C,0.05,C,0.05,C,0.05,C,0,C,0.07,C,0.11,U
Mauritania,0.05,U,0.13,U,0.05,U,0.05,U,0.13,U,0.13,U,0.09,U,0.13,U,0.05,U,0.05,U,0.05,C,0.05,U,0,C,0.05,U,0.11,U
Mauritius,0,C,0,C,0,C,0,C,0,C,0,C,0,C,0,C,0,C,0,C,0,C,0,C,0,C,0,C,0.01,U
Morocco,0.03,C,0.09,U,0.03,C,0.03,C,0.09,U,0.18,U,0.18,U,0.18,U,0.03,C,0.03,C,0.03,C,0.03,C,0.09,U,0.16,U,0.19,U
Mozambique,0.03,C,0.08,C,0.03,C,0.03,C,0.08,C,0.08,C,0.08,C,0.08,C,0.08,C,0.08,C,0.08,C,0.08,C,0.03,C,0.02,U,0.09,U
Niger,0.05,C,0.1,C,0.05,C,0.05,C,0.1,C,0.2,U,0.1,C,0.1,C,0.05,C,0.05,C,0.05,C,0.05,C,0,C,0.07,C,0.11,U
Nigeria,0.05,C,0.1,C,0.05,C,0.05,C,0.1,U,0.2,C,0.1,U,0.1,U,0.05,C,0.05,C,0.05,C,0.05,C,0,C,0.07,U,0.12,U
Réunion,0,X,0,X,0,X,0,X,0,X,0,X,0,X,0,X,0,X,0,X,0,X,0,X,0,X,0,X,0,X
Rwanda,0,C,0.1,C,0,C,0,C,0.1,C,0.25,C,0.25,C,0.25,C,0,C,0,C,0,C,0,C,0.1,C,0.11,U,0.16,U
Sao Tome and Principe,0,X,0,X,0,X,0,X,0,X,0,X,0,X,0,X,0,X,0,X,0,X,0,X,0,X,0,X,0,X
Senegal,0.05,C,0.1,C,0.05,C,0.05,C,0.1,C,0.2,U,0.1,C,0.1,C,0.05,C,0.05,C,0.05,C,0.05,C,0,C,0.07,C,0.11,U
Sierra Leone,0.05,U,0.1,C,0.05,U,0.05,U,0.1,U,0.2,C,0.1,U,0.1,C,0.05,C,0.05,C,0.05,C,0.05,C,0,U,0.07,U,0.11,U
Somalia,0,X,0,X,0,X,0,X,0,X,0,X,0,X,0,X,0,X,0,X,0,X,0,X,0,X,0,X,0,X
South Africa,0,C,0,C,0,C,0,C,0,C,0.1,C,0.15,C,0.1,C,0,C,0,C,0,C,0,C,0,C,0.05,U,0.04,U
Sudan,0,X,0,X,0,X,0,X,0,X,0,X,0,X,0,X,0,X,0,X,0,X,0,X,0,X,0,X,0,X
Swaziland,0,C,0,C,0,C,0,C,0,C,0.1,C,0.15,C,0.1,C,0,C,0,C,0,C,0,C,0,C,0.05,U,0.04,U
"Tanzania, United Rep of",0,C,0.1,C,0,C,0,C,0.1,C,0.25,C,0.25,C,0.25,C,0,C,0,C,0,C,0,C,0.1,C,0.11,U,0.16,U
Togo,0.05,C,0.1,C,0.05,C,0.05,C,0.1,C,0.2,U,0.1,C,0.1,C,0.05,C,0.05,C,0.05,C,0.05,C,0,C,0.07,C,0.11,U
Tunisia,0,C,0.1,C,0,U,0,C,0,U,0.2,C,0.2,U,0.2,U,0.1,C,0,U,0,C,0,U,0,C,0.2,U,0.16,U
Uganda,0,C,0.1,C,0,C,0,C,0.1,C,0.25,C,0.25,C,0.25,C,0,C,0,C,0,C,0,C,0.1,C,0.11,U,0.17,U
"Congo, Dem Republic of",0.2,U,0.2,U,0.2,U,0.2,U,0.2,U,0.18,U,0.2,U,0.13,U,0.1,U,0.1,U,0.1,U,0.05,U,0.05,U,0.1,U,0.14,U
Zambia,0.4,U,0.4,U,0.4,U,0.4,U,0.4,U,0.4,U,0.4,U,0.4,U,0.05,C,0.05,C,0.05,C,0.05,C,0,C,0.05,C,0.12,U
Zimbabwe,0.06,U,0.1,C,0.05,C,0.06,U,0.1,C,0.15,U,0.15,C,0.36,U,0.05,C,0.05,C,0.05,C,0.05,C,0,C,0.1,C,0.15,U
Bahamas,0.17,U,0,C,0.2,O,0.17,O,0,C,0.15,O,0.35,O,0.35,O,0.35,O,0.35,O,0.35,O,0.35,O,0.2,O,0.25,O,0.32,O
Barbados,0.07,U,0.13,U,0.09,U,0.07,U,0.09,U,0.09,U,0.05,U,0.05,U,0,X,0.05,U,0.05,U,0.05,U,0,C,0.05,U,0.1,U
Belize,0.45,U,0.13,U,0.09,U,0.45,U,0.06,U,0.31,U,0.05,U,0.05,U,0.05,U,0.05,U,0.05,U,0.05,U,0,C,0.07,U,0.07,U
Canada,0,C,0,C,0,C,0,C,0,C,0,C,0.01,U,0,C,0,C,0,C,0,C,0,C,0,C,0,C,0,C
Saint Lucia,0.07,C,0.13,U,0.1,U,0.07,C,0.08,U,0.08,U,0.05,C,0.05,C,0.05,C,0.05,C,0.05,C,0.05,C,0,C,0.02,U,0.04,U
Costa Rica,0,C,0.05,U,0,C,0,C,0.05,U,0.05,U,0.09,U,0.09,U,0,C,0,C,0,C,0,C,0.03,U,0.03,U,0.06,U
Cuba,0.04,U,0.05,U,0.05,U,0.04,U,0,C,0.05,U,0.05,U,0.05,U,0,C,0,C,0,C,0,C,0.05,U,0.04,U,0.05,U
Dominica,0.07,U,0.13,U,0.09,U,0.07,U,0.05,U,0.07,U,0.05,U,0.05,U,0,C,0,C,0,C,0,C,0,C,0.06,U,0.07,U
Dominican Republic,0,C,0,C,0,C,0,C,0,C,0,C,0,C,0,C,0,C,0,C,0,C,0,C,0,C,0.02,U,0.05,U
El Salvador,0,C,0.05,U,0,C,0,C,0.05,U,0.1,U,0.08,U,0.08,U,0,C,0,C,0,C,0,C,0.03,U,0.03,U,0.07,U
Guatemala,0,C,0.05,U,0,C,0,C,0.05,U,0.1,U,0.1,U,0.1,U,0,C,0,C,0,C,0,C,0.03,U,0.03,U,0.06,U
Haiti,0.03,U,0.01,U,0.03,U,0.03,U,0.04,U,0.04,U,0.18,U,0.02,U,0,C,0,C,0,C,0,C,0,C,0,C,0.05,U
Honduras,0,C,0.05,U,0,C,0,C,0.05,U,0.1,U,0.1,U,0.1,U,0,C,0,C,0,C,0,C,0.03,U,0.03,U,0.06,U
Jamaica,0.05,U,0.12,U,0.08,U,0.05,U,0.05,U,0.07,U,0,C,0,C,0,C,0,C,0,C,0,C,0,C,0.04,U,0.04,U
Martinique,0,X,0,X,0,X,0,X,0,X,0,X,0,X,0,X,0,X,0,X,0,X,0,X,0,X,0,X,0,X
Mexico,0,C,0.01,U,0,C,0,C,0.03,U,0.07,U,0.14,C,0.04,U,0,C,0,C,0,C,0,C,0.05,C,0.05,U,0.01,U
Netherlands Antilles,0,X,0,X,0,X,0,X,0,X,0,X,0,X,0,X,0,X,0,X,0,X,0,X,0,X,0,X,0,X
Nicaragua,0,C,0.05,C,0,C,0,C,0.05,C,0.1,C,0.08,C,0.08,C,0,C,0,C,0,C,0,C,0.03,U,0.03,U,0.06,U
Panama,0,C,0.05,U,0,U,0,C,0.04,U,0.05,U,0.06,U,0.06,U,0,C,0,U,0.01,U,0,C,0.05,U,0.08,U,0.08,U
Saint Vincent/Grenadines,0.07,U,0.13,U,0.09,C,0.07,U,0.05,U,0.08,U,0.05,C,0.05,C,0.05,C,0.05,C,0.05,C,0.05,C,0,C,0.08,U,0.08,U
Trinidad and Tobago,0.04,C,0.12,U,0.08,U,0.04,C,0.05,U,0.07,U,0,C,0,C,0,C,0,C,0,C,0,C,0,C,0.02,C,0.04,U
United States of America,0,C,0,C,0,C,0,C,0,C,0.03,U,0,C,0.01,U,0,C,0,C,0,C,0,C,0,C,0,C,0,C
Argentina,0.02,U,0.06,U,0.02,U,0.02,U,0.06,U,0.1,U,0.11,U,0.12,U,0.04,U,0.04,U,0.04,U,0.02,U,0.11,U,0.12,U,0.13,U
Bolivia,0.08,U,0.1,U,0.07,U,0.08,U,0.08,U,0.14,U,0.14,U,0.13,U,0.05,U,0.05,U,0.05,U,0.06,U,0.05,U,0.1,U,0.11,U
Brazil,0,C,0.05,U,0,C,0,C,0.05,U,0.08,U,0.08,U,0.08,U,0.03,U,0.03,U,0.03,U,0,C,0.09,U,0.1,U,0.11,U
Chile,0,C,0.06,U,0.06,U,0,C,0.06,U,0.06,U,0.06,U,0.06,U,0.06,U,0.06,U,0.06,U,0.06,U,0.06,U,0.06,U,0.06,U
Colombia,0.06,U,0,C,0.04,U,0.06,U,0,C,0.08,U,0.05,U,0.05,U,0,C,0.03,U,0.01,U,0,C,0,C,0.04,U,0.04,U
Ecuador,0.05,U,0.1,U,0.12,U,0.05,U,0.1,U,0.15,U,0.15,U,0.13,U,0.05,U,0.02,U,0.02,U,0.04,U,0,C,0.05,U,0.14,U
French Guiana,0,X,0,X,0,X,0,X,0,X,0,X,0,X,0,X,0,X,0,X,0,X,0,X,0,X,0,X,0,X
Guyana,0.07,U,0.13,U,0.09,U,0.07,U,0.09,U,0.09,U,0.05,U,0.05,U,0.05,U,0.05,U,0.05,U,0.05,U,0,C,0.06,U,0.08,U
Paraguay,0.02,C,0.06,C,0.02,C,0.02,C,0.06,C,0.1,C,0.1,C,0.1,C,0.04,C,0.04,C,0.04,C,0.02,C,0.11,C,0.12,C,0.13,U
Peru,0.06,C,0,U,0.05,C,0,C,0,U,0.06,C,0.06,C,0.06,C,0,U,0,U,0,U,0,C,0,C,0.04,U,0.03,U
Suriname,0.07,C,0.13,U,0.09,C,0.07,C,0.05,U,0.08,U,0.05,C,0.05,C,0.05,C,0.05,C,0.05,C,0.05,C,0,C,0.05,C,0.08,U
Uruguay,0.02,C,0.06,U,0.02,C,0.02,C,0.06,C,0.07,U,0.1,C,0.08,U,0.04,C,0.02,C,0.04,C,0.02,C,0.11,U,0.12,U,0.13,U
"Venezuela, Boliv Rep of",0.02,U,0.06,U,0.02,C,0.02,U,0.06,U,0.1,U,0.1,U,0.1,U,0.04,U,0.04,U,0.04,U,0.02,U,0.09,O,0.13,U,0.13,U
Afghanistan,0,X,0,X,0,X,0,X,0,X,0,X,0,X,0,X,0,X,0,X,0,X,0,X,0,X,0,X,0,X
Bahrain,0.05,U,0.05,U,0.04,U,0.05,U,0.05,U,0.05,U,0.05,U,0.05,U,0.05,U,0.05,U,0.05,U,0.05,U,0.05,U,0.05,U,0.05,U
Bangladesh,0.06,U,0.05,U,0.05,U,0.06,U,0.05,U,0.25,U,0.25,U,0.2,U,0,C,0,C,0,C,0,C,0.25,U,0.24,U,0.19,U
Bhutan,0,X,0,X,0,X,0,X,0,X,0,X,0,X,0,X,0,X,0,X,0,X,0,X,0,X,0,X,0,X
Brunei Darussalam,0.05,U,0.05,U,0.04,U,0.05,U,0.05,U,0.05,U,0.05,U,0,C,0,C,0,C,0,C,0,C,0,C,0,C,0,C
Cambodia,0.07,U,0.07,U,0.07,U,0.07,U,0.07,U,0.07,U,0.07,U,0.07,U,0.07,U,0.07,U,0.07,U,0.07,U,0.07,U,0.07,U,0.07,U
China,0,C,0,C,0,C,0,C,0,C,0.05,U,0.05,U,0.05,U,0,C,0,C,0,C,0,C,0.05,U,0.05,U,0.06,U
Cyprus,0,C,0.09,O,0,C,0,C,0,C,0.07,O,0.06,O,0.07,O,0,C,0,C,0,C,0,C,0,C,0.01,O,0.02,O
Maldives,0,C,0,C,0,C,0,C,0,C,0,C,0.05,U,0.05,U,0.25,U,0.25,U,0.25,U,0.25,U,0,C,0,C,0,C
India,0.05,U,0.1,U,0.05,U,0.05,U,0.1,U,0.1,U,0.1,U,0.1,U,0.05,U,0.05,U,0.05,U,0.1,U,0.1,U,0.1,U,0.1,U
Indonesia,0,C,0,C,0,C,0,C,0,C,0.1,U,0.05,U,0.05,U,0,C,0,C,0,C,0,C,0.05,U,0.1,U,0.05,U
"Iran, Islamic Rep of",0,X,0,X,0,X,0,X,0,X,0,X,0,X,0,X,0,X,0,X,0,X,0,X,0,X,0,X,0,X
Iraq,0,X,0,X,0,X,0,X,0,X,0,X,0,X,0,X,0,X,0,X,0,X,0,X,0,X,0,X,0,X
Israel,0,C,0,C,0,C,0,C,0,C,0,C,0,C,0,C,0,C,0,C,0,C,0,C,0,C,0.02,U,0.04,U
Japan,0,C,0.01,U,0,C,0,C,0.01,U,0.06,U,0.06,U,0.03,U,0,C,0,C,0,C,0,C,0,C,0,C,0,C
Jordan,0.02,U,0,C,0,C,0.02,U,0,C,0.01,U,0,C,0.1,U,0,C,0.02,U,0,C,0.05,U,0,C,0.08,U,0.14,U
"Korea, Dem People's Rep",0,X,0,X,0,X,0,X,0,X,0,X,0,X,0,X,0,X,0,X,0,X,0,X,0,X,0,X,0,X
"Korea, Republic of",0,C,0.05,U,0.02,U,0,C,0.1,U,0.09,U,0.08,U,0.08,U,0,C,0,C,0,C,0,C,0,C,0,C,0,C
Kuwait,0.05,U,0.05,U,0.04,U,0.05,U,0.05,U,0.05,U,0.05,U,0.05,U,0.05,U,0.05,U,0.05,U,0.05,U,0.05,U,0.05,U,0.05,U
Laos,0.2,U,0.2,U,0.1,U,0.2,U,0.02,U,0.4,U,0.2,U,0.2,U,0.05,U,0.05,U,0.05,U,0.05,U,0.05,U,0.05,U,0.07,U
Lebanon,0,X,0,X,0,X,0,X,0,X,0,X,0,X,0,X,0,X,0,X,0,X,0,X,0,X,0,X,0,X
Timor-Leste,0,X,0,X,0,X,0,X,0,X,0,X,0,X,0,X,0,X,0,X,0,X,0,X,0,X,0,X,0,X
Malaysia,0,C,0,C,0.2,U,0,C,0,C,0.35,U,0.2,U,0.2,U,0,C,0,C,0,C,0,C,0.1,U,0.08,U,0.14,U
Mongolia,0.05,U,0.05,U,0.05,U,0.05,U,0.05,U,0.06,U,0.05,U,0.05,U,0.05,U,0.05,U,0.05,U,0.05,U,0.05,U,0.05,U,0.05,U
Myanmar,0.03,U,0.15,U,0.06,U,0.03,U,0.15,U,0.15,U,0.05,U,0.05,U,0.03,U,0.03,U,0.03,U,0.03,U,0.03,U,0.03,U,0.03,U
Nepal,0.05,U,0.05,U,0.05,U,0.05,U,0.05,U,0.15,U,0.15,U,0.15,U,0.05,U,0.05,U,0.05,U,0.1,U,0.05,U,0.15,U,0.15,U
Oman,0.05,U,0.05,U,0.04,U,0.05,U,0.05,U,0.05,U,0.05,U,0.05,U,0.05,U,0.05,U,0.05,U,0.05,U,0.05,U,0.05,U,0.05,U
Pakistan,0.03,U,0.03,U,0.03,U,0.03,U,0.03,U,0.2,U,0.16,U,0.14,U,0.03,U,0.03,U,0.03,U,0.12,U,0.11,U,0.16,U,0.19,U
Philippines,0,C,0.07,U,0.03,U,0,C,0.03,U,0.15,U,0.15,U,0.15,U,0.01,U,0.01,U,0.01,U,0,C,0.09,U,0.09,U,0.05,U
Qatar,0.05,U,0.05,U,0.04,U,0.05,U,0.05,U,0.05,U,0.05,U,0.05,U,0.05,U,0.05,U,0.05,U,0.05,U,0.05,U,0.05,U,0.05,U
Saudi Arabia,0.05,U,0.05,U,0.04,U,0.05,U,0.05,U,0.05,U,0.05,U,0.05,U,0.05,U,0.05,U,0.05,U,0.05,U,0.05,U,0.05,U,0.07,U
Singapore,0,C,0,C,0,C,0,C,0,C,0,C,0,C,0,C,0,C,0,C,0,C,0,C,0,C,0,C,0,C
Sri Lanka,0,C,0,C,0.15,C,0,C,0,C,0.13,C,0,U,0,C,0,C,0,C,0,C,0,C,0,X,0.13,C,0.16,U
Syrian Arab Republic,0,X,0,X,0,X,0,X,0,X,0,X,0,X,0,X,0,X,0,X,0,X,0,X,0,X,0,X,0,X
Thailand,0,U,0.02,U,0.01,C,0,U,0,U,0.05,C,0.05,C,0.05,C,0,C,0,C,0,C,0,C,0,C,0.05,U,0.05,U
Turkey,0,C,0.01,U,0,C,0,C,0,U,0.08,U,0.07,C,0.07,C,0,C,0,C,0,C,0.1,U,0,C,0,C,0,C
United Arab Emirates,0.05,C,0.05,C,0.04,U,0.05,C,0.05,C,0.05,C,0.05,C,0.05,C,0.05,C,0.05,C,0.05,C,0.05,U,0.05,C,0.05,C,0.05,U
Viet Nam,0,X,0,X,0,X,0,X,0,X,0,X,0,X,0,X,0,X,0,X,0,X,0,X,0,X,0,X,0,X
Yemen,0.05,U,0.05,U,0.05,U,0.05,U,0.05,U,0.05,U,0.05,U,0.05,U,0.05,U,0.05,U,0.05,U,0.05,U,0.05,U,0.05,U,0.06,U
Australia,0,X,0,X,0,X,0,X,0,X,0,X,0,X,0,X,0,X,0,X,0,X,0,X,0,X,0,X,0,X
Cook Islands,0,X,0,X,0,X,0,X,0,X,0,X,0,X,0,X,0,X,0,X,0,X,0,X,0,X,0,X,0,X
Fiji Islands,0.05,U,0.05,U,0.05,U,0.05,U,0.05,U,0.22,U,0.05,U,0.05,U,0.05,U,0.05,U,0.05,U,0.32,U,0.05,U,0.07,U,0.16,U
French Polynesia,0,X,0,X,0,X,0,X,0,X,0,X,0,X,0,X,0,X,0,X,0,X,0,X,0,X,0,X,0,X
New Caledonia,0,X,0,X,0,X,0,X,0,X,0,X,0,X,0,X,0,X,0,X,0,X,0,X,0,X,0,X,0,X
New Zealand,0,C,0.02,U,0,C,0,C,0.02,U,0.05,U,0.05,U,0.05,U,0,C,0,C,0,C,0,C,0,C,0,C,0,C
Papua New Guinea,0.1,U,0.1,U,0.1,U,0.1,U,0.1,U,0.26,U,0.1,U,0.1,U,0,C,0,C,0,C,0,C,0,C,0.01,U,0.04,U
Samoa,0.08,C,0.08,U,0.08,U,0.08,C,0.08,U,0.08,U,0.08,U,0.08,U,0.08,U,0.08,U,0.08,U,0.08,U,0.08,U,0.08,U,0.09,U
Solomon Islands,0,C,0.1,U,0.1,U,0,C,0.1,U,0.1,U,0.1,U,0.1,U,0.1,U,0.1,U,0.1,U,0.1,U,0.1,U,0.1,U,0.1,U
Tonga,0,C,0,C,0.15,U,0,C,0,C,0.15,U,0.15,U,0.15,U,0.15,U,0.15,U,0.15,U,0.15,U,0.15,U,0.14,U,0.13,U
Vanuatu,0.15,U,0.15,U,0.15,U,0.15,U,0.15,U,0.15,U,0.15,U,0.15,U,0,C,0,C,0,C,0,C,0.1,C,0.1,C,0.11,U
Albania,0,C,0,C,0,C,0,C,0,C,0,C,0,C,0,C,0,C,0,C,0,C,0,C,0,C,0,C,0,C
Austria,0,C,0.01,U,0,C,0,C,0,C,0.08,U,0.07,C,0.07,C,0,C,0,C,0,C,0,C,0,C,0,C,0,C
Belgium,0.01,U,0,C,0,C,0,C,0.08,U,0.07,C,0.07,C,0,C,0,C,0,C,0,C,0,C,0,C,0,C,0,X
Bosnia and Herzegovina,0,X,0,X,0,X,0,X,0,X,0,X,0,X,0,X,0,X,0,X,0,X,0,X,0,X,0,X,0,X
Bulgaria,0,C,0.01,U,0,C,0,C,0,U,0.08,U,0.07,C,0.07,C,0,C,0,C,0,C,0,C,0,C,0,C,0,C
Croatia,0,C,0.01,U,0,C,0,C,0,U,0.08,U,0.07,C,0.07,C,0,C,0,C,0,C,0,C,0,C,0,C,0,C
Czech Republic,0,C,0.01,U,0,C,0,C,0,U,0.08,U,0.07,C,0.07,C,0,C,0,C,0,C,0,C,0,C,0,C,0,C
Denmark,0,C,0.01,U,0,C,0,C,0,U,0.08,U,0.07,C,0.07,C,0,C,0,C,0,C,0,C,0,C,0,C,0,C
Finland,0,C,0.01,U,0,C,0,C,0,U,0.08,U,0.07,C,0.07,C,0,C,0,C,0,C,0,C,0,C,0,C,0,C
France,0,C,0.01,U,0,C,0,C,0,U,0.08,U,0.07,C,0.07,C,0,C,0,C,0,C,0,C,0,C,0,C,0,C
Germany,0,C,0.01,U,0,C,0,C,0,U,0.08,U,0.07,C,0.07,C,0,C,0,C,0,C,0,C,0,C,0,C,0,C
Greece,0,C,0.01,U,0,C,0,C,0,U,0.08,U,0.07,C,0.07,C,0,C,0,C,0,C,0,C,0,C,0,C,0,C
Hungary,0,C,0.01,U,0,C,0,C,0,U,0.08,U,0.07,C,0.07,C,0,C,0,C,0,C,0,C,0,C,0,C,0,C
Luxembourg,0,C,0.01,U,0,C,0,C,0,U,0.08,U,0.07,C,0.07,C,0,C,0,C,0,C,0,C,0,C,0,C,0,C
Ireland,0,C,0.01,U,0,C,0,C,0,U,0.08,U,0.07,C,0.07,C,0,C,0,C,0,C,0,C,0,C,0,C,0,C
Italy,0,C,0.01,U,0,C,0,C,0,U,0.08,U,0.07,C,0.07,C,0,C,0,C,0,C,0,C,0,C,0,C,0,C
"Macedonia,The Fmr Yug Rp",0,C,0,C,0,C,0,C,0,C,0,C,0,C,0,C,0,C,0,C,0,C,0,C,0,C,0.04,U,0.01,U
Montenegro,0,C,0,C,0,C,0,C,0,C,0,C,0,C,0,C,0,C,0,C,0,C,0,C,0,C,0,C,0,C
Netherlands,0,C,0.01,U,0,C,0,C,0,U,0.08,U,0.07,C,0.07,C,0,C,0,C,0,C,0,C,0,C,0,C,0,C
Norway,0,C,0,C,0,C,0,C,0,C,0,C,0,C,0,C,0,C,0,C,0,C,0,C,0,C,0,C,0,C
Poland,0,C,0.01,U,0,C,0,C,0,U,0.08,U,0.07,C,0.07,C,0,C,0,C,0,C,0,C,0,C,0,C,0,C
Portugal,0,C,0.01,U,0,C,0,C,0,U,0.08,U,0.07,C,0.07,C,0,C,0,C,0,C,0,C,0,C,0,C,0,C
Romania,0,C,0.01,U,0,C,0,C,0,U,0.08,U,0.07,C,0.07,C,0,C,0,C,0,C,0,C,0,C,0,C,0,C
Slovakia,0,C,0.01,U,0,C,0,C,0,U,0.08,U,0.07,C,0.07,C,0,C,0,C,0,C,0,C,0,C,0,C,0,C
Slovenia,0,C,0.01,U,0,C,0,C,0,U,0.08,U,0.07,C,0.07,C,0,C,0,C,0,C,0,C,0,C,0,C,0,C
Spain,0,C,0.01,U,0,C,0,C,0,U,0.08,U,0.07,C,0.07,C,0,C,0,C,0,C,0,C,0,C,0,C,0,C
Sweden,0,C,0.01,U,0,C,0,C,0,U,0.08,U,0.07,C,0.07,C,0,C,0,C,0,C,0,C,0,C,0,C,0,C
Switzerland,0,C,0,C,0,C,0,C,0,C,0,C,0,C,0,C,0,C,0,C,0,C,0,C,0,C,0,C,0,C
United Kingdom,0,C,0,U,0,C,0,C,0,U,0.08,U,0.06,U,0.06,U,0,C,0,C,0,C,0,C,0,C,0,C,0,C
Serbia,0.01,O,0.01,O,0.01,O,0.01,O,0,O,0.04,O,0.04,O,0.03,O,0,C,0,C,0,C,0,C,0,C,0.02,O,0,C
Armenia,0.09,U,0.03,U,0.09,U,0.09,U,0.1,U,0.1,U,0.07,U,0.03,U,0.08,U,0.09,U,0.05,U,0.05,U,0.05,U,0.06,U,0.08,U
"Azerbaijan, Republic of",0,X,0,X,0,X,0,X,0,X,0,X,0,X,0,X,0,X,0,X,0,X,0,X,0,X,0,X,0,X
Belarus,0.15,O,0.15,O,0.15,O,0.15,O,0.15,O,0.15,O,0.15,O,0.15,O,0.15,O,0.15,O,0.15,O,0.15,O,0.15,O,0.14,O,0.13,O
Estonia,0,C,0.01,U,0,C,0,C,0,U,0.08,U,0.07,C,0.07,C,0,C,0,C,0,C,0,C,0,C,0,C,0,C
Georgia,0,C,0.12,U,0,C,0,C,0.12,U,0,C,0,C,0,C,0,C,0,C,0,C,0,C,0,C,0,C,0,C
Kazakhstan,0.08,U,0.03,U,0.09,U,0.08,U,0,C,0.07,U,0.05,U,0.05,U,0,C,0,C,0,C,0,C,0,C,0.02,U,0.06,U
Kyrgyzstan,0.09,U,0.03,U,0.09,U,0.09,U,0.1,U,0.11,U,0.07,U,0.05,U,0.08,U,0.09,U,0.05,U,0.05,U,0.05,U,0.05,U,0.07,U
Latvia,0,C,0.01,U,0,C,0,C,0,U,0.08,U,0.07,C,0.07,C,0,C,0,C,0,C,0,C,0,C,0,C,0,C
Lithuania,0,C,0.01,U,0,C,0,C,0,U,0.08,U,0.07,C,0.07,C,0,C,0,C,0,C,0,C,0,C,0,C,0,C
"Moldova, Republic of",0,C,0,C,0,C,0,C,0,C,0,C,0,C,0,C,0.05,U,0.05,U,0.05,U,0.03,U,0,C,0.05,U,0.06,U
Russian Federation,0.09,U,0.08,U,0.09,U,0.09,U,0.1,U,0.11,U,0.07,U,0.05,U,0.08,U,0.09,U,0.05,U,0.05,U,0.05,U,0.06,U,0.07,U
Tajikistan,0.06,U,0.06,U,0.05,U,0.06,U,0.05,U,0.07,U,0.05,U,0.05,U,0.08,U,0.08,U,0.1,U,0.1,U,0.05,U,0.07,U,0.06,U
Turkmenistan,0,X,0,X,0,X,0,X,0,X,0,X,0,X,0,X,0,X,0,X,0,X,0,X,0,X,0,X,0,X
Ukraine,0,C,0,C,0,C,0,C,0,C,0,C,0,C,0,C,0,C,0,C,0,C,0,C,0,C,0,C,0,C
Uzbekistan,0,X,0,X,0,X,0,X,0,X,0,X,0,X,0,X,0,X,0,X,0,X,0,X,0,X,0,X,0,X
